word,set,pos
a,remained,other
ability,remained,noun
able,remained,adjective
about,remained,other
above,remained,other
abroad,remained,adverb
absence,remained,noun
absolute,remained,noun
accept,remained,noun
accident,remained,noun
accord,remained,noun
account,remained,noun
accuse,remained,noun
across,remained,other
act,remained,noun
action,remained,noun
active,remained,adjective
actor,remained,noun
actual,remained,adjective
add,remained,verb
address,remained,noun
admire,remained,noun
admit,remained,noun
adopt,remained,noun
advance,remained,noun
advantage,remained,noun
adventure,remained,noun
advertise,remained,noun
advice,remained,noun
advise,remained,noun
affair,remained,noun
afford,remained,noun
afraid,remained,adjective
after,remained,other
afternoon,remained,noun
again,remained,adverb
against,remained,other
age,remained,noun
agency,remained,noun
agent,remained,noun
ago,remained,adverb
agree,remained,noun
ahead,remained,adverb
aim,remained,noun
air,remained,noun
alive,remained,adjective
all,remained,other
allow,remained,verb
almost,remained,adverb
alone,remained,adverb
along,remained,other
already,remained,adverb
also,remained,adverb
although,remained,other
altogether,remained,adverb
always,remained,adverb
among,remained,other
amount,remained,noun
ancient,remained,noun
and,remained,other
anger,remained,noun
angle,remained,noun
angry,remained,adjective
animal,remained,noun
another,remained,other
answer,remained,noun
anxiety,remained,noun
anxious,remained,adjective
any,remained,other
anybody,remained,noun
anyone,remained,noun
anything,remained,noun
anyway,remained,adverb
anywhere,remained,adverb
apart,remained,adverb
appear,remained,verb
appearance,remained,noun
application,remained,noun
apply,remained,verb
appoint,remained,noun
approve,remained,verb
argue,remained,noun
arise,remained,noun
arm,remained,noun
army,remained,noun
around,remained,other
arrange,remained,noun
arrest,remained,noun
arrive,remained,verb
art,remained,noun
article,remained,noun
ashamed,remained,verb
aside,remained,adverb
ask,remained,noun
association,remained,noun
at,remained,other
attack,remained,noun
attempt,remained,noun
attend,remained,noun
attention,remained,noun
attract,remained,noun
attraction,remained,noun
attractive,remained,adjective
audience,remained,noun
aunt,remained,noun
autumn,remained,noun
average,remained,adjective
avoid,remained,noun
away,remained,adverb
baby,remained,noun
back,remained,adverb
bad,remained,adjective
bag,remained,noun
balance,remained,noun
ball,remained,noun
band,remained,noun
bank,remained,noun
bar,remained,noun
base,remained,noun
basic,remained,adjective
basis,remained,noun
bath,remained,noun
battle,remained,noun
be,remained,verb
bear,remained,noun
beat,remained,noun
beauty,remained,noun
because,remained,other
become,remained,noun
bed,remained,noun
bedroom,remained,noun
before,remained,other
begin,remained,noun
behave,remained,noun
behavior,remained,noun
behind,remained,other
belief,remained,noun
believe,remained,verb
bell,remained,noun
belong,remained,noun
below,remained,other
belt,remained,noun
bend,remained,noun
beneath,remained,adverb
beside,remained,noun
besides,remained,other
between,remained,other
beyond,remained,other
big,remained,adjective
bill,remained,noun
bind,remained,noun
bird,remained,noun
birth,remained,noun
bit,remained,noun
bite,remained,noun
black,remained,adjective
blame,remained,noun
bless,remained,noun
blind,remained,noun
block,remained,noun
blood,remained,noun
blow,remained,noun
blue,remained,noun
board,remained,noun
boat,remained,noun
body,remained,noun
bone,remained,noun
book,remained,noun
border,remained,noun
borrow,remained,noun
both,remained,other
bottle,remained,noun
bottom,remained,noun
boundary,remained,noun
bowl,remained,noun
box,remained,noun
boy,remained,noun
brain,remained,noun
branch,remained,noun
bread,remained,noun
break,remained,noun
breakfast,remained,noun
breath,remained,noun
breathe,remained,noun
bridge,remained,noun
bright,remained,noun
bring,remained,noun
broad,remained,adjective
broadcast,remained,noun
brother,remained,noun
brown,remained,noun
brush,remained,noun
build,remained,noun
bunch,remained,noun
burn,remained,noun
burst,remained,noun
bury,remained,noun
bus,remained,noun
business,remained,noun
busy,remained,adjective
but,remained,other
button,remained,noun
buy,remained,verb
by,remained,other
cake,remained,noun
calculate,remained,noun
call,remained,noun
calm,remained,noun
camera,remained,noun
camp,remained,noun
can,remained,other
cap,remained,noun
capital,remained,noun
car,remained,noun
card,remained,noun
care,remained,noun
carry,remained,noun
case,remained,noun
castle,remained,noun
cat,remained,noun
catch,remained,noun
cause,remained,noun
cent,remained,noun
center,remained,noun
century,remained,noun
ceremony,remained,noun
certain,remained,adjective
chain,remained,noun
chair,remained,noun
chairman,remained,noun
chance,remained,noun
change,remained,noun
character,remained,noun
charge,remained,noun
charm,remained,noun
cheap,remained,adjective
check,remained,noun
cheese,remained,noun
chest,remained,noun
chicken,remained,noun
chief,remained,noun
child,remained,noun
childhood,remained,noun
choice,remained,noun
choose,remained,noun
church,remained,noun
circle,remained,noun
citizen,remained,noun
city,remained,noun
claim,remained,noun
class,remained,noun
clean,remained,noun
clear,remained,adjective
climb,remained,noun
clock,remained,noun
close,remained,adverb
clothe,remained,noun
cloud,remained,noun
club,remained,noun
coal,remained,noun
coast,remained,noun
coat,remained,noun
coffee,remained,noun
coin,remained,noun
cold,remained,noun
collect,remained,noun
collection,remained,noun
college,remained,noun
color,remained,noun
combine,remained,noun
come,remained,verb
comfort,remained,noun
command,remained,noun
commercial,remained,adjective
committee,remained,noun
common,remained,adjective
company,remained,noun
compare,remained,noun
comparison,remained,noun
compete,remained,noun
competition,remained,noun
competitor,remained,noun
complain,remained,noun
complaint,remained,noun
complete,remained,adjective
complicate,remained,noun
compose,remained,noun
composition,remained,noun
concern,remained,noun
condition,remained,noun
confidence,remained,noun
confident,remained,adjective
confuse,remained,noun
confusion,remained,noun
connect,remained,noun
connection,remained,noun
consider,remained,verb
contain,remained,noun
content,remained,noun
continue,remained,noun
control,remained,noun
conversation,remained,noun
cook,remained,noun
cool,remained,noun
copy,remained,noun
corner,remained,noun
correct,remained,noun
cost,remained,noun
cough,remained,noun
could,remained,other
council,remained,noun
count,remained,noun
country,remained,noun
course,remained,noun
court,remained,noun
cousin,remained,noun
cover,remained,noun
cow,remained,noun
crack,remained,noun
crash,remained,noun
cream,remained,noun
creature,remained,noun
crime,remained,noun
criminal,remained,adjective
critic,remained,noun
crop,remained,noun
cross,remained,noun
crowd,remained,noun
cry,remained,noun
cup,remained,noun
curious,remained,adjective
current,remained,adjective
curtain,remained,noun
curve,remained,noun
custom,remained,noun
customer,remained,noun
cut,remained,noun
daily,remained,adjective
damage,remained,noun
dance,remained,noun
danger,remained,noun
dare,remained,noun
dark,remained,noun
date,remained,noun
daughter,remained,noun
day,remained,noun
dead,remained,adjective
deal,remained,noun
dear,remained,noun
death,remained,noun
debt,remained,noun
decide,remained,noun
decision,remained,noun
declare,remained,noun
decrease,remained,noun
deep,remained,noun
defeat,remained,noun
defend,remained,noun
defense,remained,noun
degree,remained,noun
delay,remained,noun
delight,remained,noun
deliver,remained,noun
delivery,remained,noun
demand,remained,noun
department,remained,noun
depend,remained,noun
dependent,remained,noun
depth,remained,noun
describe,remained,noun
description,remained,noun
desert,remained,noun
deserve,remained,noun
desire,remained,noun
desk,remained,noun
destroy,remained,noun
destruction,remained,noun
detail,remained,noun
determine,remained,noun
develop,remained,verb
die,remained,noun
difference,remained,noun
different,remained,adjective
difficult,remained,adjective
difficulty,remained,noun
dig,remained,noun
dinner,remained,noun
direct,remained,adjective
direction,remained,noun
director,remained,noun
disagree,remained,noun
disappear,remained,noun
disappoint,remained,noun
discipline,remained,noun
discover,remained,noun
discovery,remained,noun
discus,remained,noun
discussion,remained,noun
disease,remained,noun
dish,remained,noun
dismiss,remained,noun
distance,remained,noun
distant,remained,adjective
distinguish,remained,noun
district,remained,noun
disturb,remained,noun
divide,remained,noun
division,remained,noun
do,remained,verb
doctor,remained,noun
dog,remained,noun
dollar,remained,noun
door,remained,noun
double,remained,adverb
doubt,remained,noun
down,remained,adverb
dozen,remained,noun
drag,remained,noun
draw,remained,noun
dream,remained,noun
dress,remained,noun
drink,remained,noun
drive,remained,noun
drop,remained,noun
dry,remained,noun
due,remained,adjective
during,remained,other
dust,remained,noun
duty,remained,noun
each,remained,other
ear,remained,noun
early,remained,adverb
earn,remained,noun
earth,remained,noun
ease,remained,noun
east,remained,noun
eastern,remained,adjective
easy,remained,adjective
eat,remained,noun
edge,remained,noun
educate,remained,noun
education,remained,noun
effect,remained,noun
effective,remained,adjective
efficiency,remained,noun
efficient,remained,adjective
effort,remained,noun
egg,remained,noun
either,remained,other
elect,remained,noun
election,remained,noun
electric,remained,adjective
else,remained,adverb
elsewhere,remained,adverb
empire,remained,noun
employ,remained,noun
employee,remained,noun
empty,remained,adjective
encourage,remained,noun
end,remained,noun
enemy,remained,noun
engine,remained,noun
engineer,remained,noun
enjoy,remained,noun
enough,remained,adverb
enter,remained,noun
entertain,remained,noun
entire,remained,adjective
entrance,remained,noun
envelope,remained,noun
equal,remained,adjective
escape,remained,noun
especially,remained,adverb
essential,remained,adjective
even,remained,adverb
event,remained,noun
ever,remained,adverb
every,remained,other
everybody,remained,noun
everyday,remained,adjective
everyone,remained,noun
everything,remained,noun
everywhere,remained,adverb
evil,remained,noun
exact,remained,noun
examine,remained,noun
example,remained,noun
excellent,remained,adjective
except,remained,other
exception,remained,noun
excess,remained,noun
exchange,remained,noun
excite,remained,noun
excuse,remained,noun
exercise,remained,noun
exist,remained,noun
existence,remained,noun
expect,remained,verb
expense,remained,noun
expensive,remained,adjective
experience,remained,noun
experiment,remained,noun
explain,remained,noun
explore,remained,noun
express,remained,noun
expression,remained,noun
extend,remained,noun
extension,remained,noun
extensive,remained,adjective
extent,remained,noun
extra,remained,adjective
extraordinary,remained,adjective
extreme,remained,noun
eye,remained,noun
face,remained,noun
fact,remained,noun
factory,remained,noun
fade,remained,noun
fail,remained,noun
failure,remained,noun
fair,remained,noun
faith,remained,noun
fall,remained,noun
false,remained,adjective
familiar,remained,adjective
family,remained,noun
fan,remained,noun
fancy,remained,noun
far,remained,adverb
farm,remained,noun
fashion,remained,noun
fast,remained,noun
fat,remained,noun
father,remained,noun
fault,remained,noun
favor,remained,noun
favorite,remained,noun
fear,remained,noun
fee,remained,noun
feel,remained,noun
fellow,remained,noun
female,remained,noun
fence,remained,noun
few,remained,adjective
field,remained,noun
fight,remained,noun
figure,remained,noun
fill,remained,noun
film,remained,noun
find,remained,verb
fine,remained,noun
finger,remained,noun
finish,remained,noun
fire,remained,noun
firm,remained,noun
first,remained,adverb
fish,remained,noun
fit,remained,noun
fix,remained,noun
flag,remained,noun
flash,remained,noun
flat,remained,adjective
float,remained,noun
flood,remained,noun
floor,remained,noun
flow,remained,noun
flower,remained,noun
fly,remained,noun
fold,remained,noun
follow,remained,verb
food,remained,noun
fool,remained,noun
foot,remained,noun
for,remained,other
force,remained,noun
foreign,remained,adjective
forest,remained,noun
forget,remained,noun
form,remained,noun
formal,remained,adjective
former,remained,adjective
forth,remained,noun
fortunate,remained,adjective
fortune,remained,noun
forward,remained,adverb
frame,remained,noun
framework,remained,noun
free,remained,adjective
freedom,remained,noun
freeze,remained,noun
frequency,remained,noun
frequent,remained,noun
fresh,remained,adjective
friend,remained,noun
friendly,remained,adjective
friendship,remained,noun
frighten,remained,noun
from,remained,other
front,remained,noun
fruit,remained,noun
full,remained,adjective
fun,remained,noun
funny,remained,noun
furniture,remained,noun
future,remained,noun
gain,remained,noun
game,remained,noun
gap,remained,noun
garden,remained,noun
gas,remained,noun
gate,remained,noun
gather,remained,noun
gay,remained,noun
general,remained,adjective
gentle,remained,noun
gentleman,remained,noun
get,remained,verb
gift,remained,noun
girl,remained,noun
give,remained,verb
glad,remained,noun
glass,remained,noun
go,remained,verb
god,remained,noun
gold,remained,noun
golden,remained,adjective
good,remained,adjective
govern,remained,noun
governor,remained,noun
grain,remained,noun
grammar,remained,noun
grand,remained,adjective
grass,remained,noun
grateful,remained,adjective
gray,remained,noun
great,remained,adjective
green,remained,adjective
greet,remained,noun
grind,remained,noun
group,remained,noun
grow,remained,noun
growth,remained,noun
guard,remained,noun
guess,remained,noun
guest,remained,noun
guide,remained,noun
gun,remained,noun
habit,remained,noun
hair,remained,noun
half,remained,noun
hall,remained,noun
hand,remained,noun
handle,remained,noun
hang,remained,noun
happen,remained,verb
happy,remained,adjective
harbor,remained,noun
hard,remained,adjective
hardly,remained,adverb
harm,remained,noun
hat,remained,noun
hate,remained,noun
have,remained,verb
he,remained,other
head,remained,noun
health,remained,noun
hear,remained,noun
heart,remained,noun
heat,remained,noun
heavy,remained,adjective
height,remained,noun
hello,remained,noun
help,remained,noun
here,remained,adverb
hesitate,remained,noun
hide,remained,noun
high,remained,adjective
hill,remained,noun
hire,remained,noun
history,remained,noun
hit,remained,noun
hold,remained,noun
hole,remained,noun
holiday,remained,noun
home,remained,noun
honest,remained,adjective
honor,remained,noun
hook,remained,noun
hope,remained,noun
horse,remained,noun
hospital,remained,noun
host,remained,noun
hot,remained,adjective
hotel,remained,noun
hour,remained,noun
house,remained,noun
how,remained,other
however,remained,adverb
human,remained,noun
hunger,remained,noun
hunt,remained,noun
hurry,remained,noun
hurt,remained,noun
husband,remained,noun
i,remained,noun
ice,remained,noun
idea,remained,noun
ideal,remained,noun
if,remained,other
ill,remained,noun
imagine,remained,noun
immediate,remained,adjective
importance,remained,noun
important,remained,adjective
impossible,remained,adjective
improve,remained,verb
in,remained,other
inch,remained,noun
include,remained,noun
increase,remained,noun
indeed,remained,adverb
industry,remained,noun
influence,remained,noun
inform,remained,noun
inquiry,remained,noun
inside,remained,other
instead,remained,adverb
instrument,remained,noun
insurance,remained,noun
insure,remained,noun
intend,remained,noun
intention,remained,noun
interest,remained,noun
international,remained,adjective
into,remained,other
introduce,remained,noun
introduction,remained,noun
invent,remained,noun
invite,remained,noun
iron,remained,noun
island,remained,noun
it,remained,other
join,remained,noun
joint,remained,noun
joke,remained,noun
journey,remained,noun
joy,remained,noun
judge,remained,noun
jump,remained,noun
just,remained,adverb
justice,remained,noun
keep,remained,verb
key,remained,noun
kick,remained,noun
kill,remained,noun
kind,remained,noun
king,remained,noun
kiss,remained,noun
kitchen,remained,noun
knee,remained,noun
knife,remained,noun
knock,remained,noun
know,remained,verb
knowledge,remained,noun
lack,remained,noun
lady,remained,noun
lake,remained,noun
land,remained,noun
language,remained,noun
large,remained,adjective
last,remained,adjective
late,remained,adverb
latter,remained,noun
laugh,remained,noun
laughter,remained,noun
law,remained,noun
lawyer,remained,noun
lay,remained,noun
lazy,remained,adjective
lead,remained,noun
leadership,remained,noun
lean,remained,noun
learn,remained,noun
least,remained,adjective
leather,remained,noun
leave,remained,verb
left,remained,noun
leg,remained,noun
lend,remained,noun
length,remained,noun
less,remained,adverb
lesson,remained,noun
let,remained,verb
letter,remained,noun
level,remained,noun
library,remained,noun
lie,remained,noun
life,remained,noun
lift,remained,noun
light,remained,noun
like,remained,other
likely,remained,adjective
limit,remained,noun
line,remained,noun
lip,remained,noun
liquid,remained,noun
list,remained,noun
listen,remained,noun
literary,remained,adjective
literature,remained,noun
little,remained,adjective
live,remained,adjective
load,remained,noun
loan,remained,noun
local,remained,adjective
lock,remained,noun
log,remained,noun
long,remained,adverb
look,remained,noun
loose,remained,adjective
lose,remained,verb
loss,remained,noun
lot,remained,noun
loud,remained,noun
love,remained,noun
lovely,remained,adjective
low,remained,adjective
luck,remained,noun
lunch,remained,noun
machine,remained,noun
mad,remained,adjective
mail,remained,noun
main,remained,adjective
make,remained,verb
male,remained,noun
man,remained,noun
manage,remained,noun
manner,remained,noun
manufacture,remained,noun
many,remained,adjective
map,remained,noun
march,remained,noun
mark,remained,noun
market,remained,noun
marriage,remained,noun
marry,remained,noun
mass,remained,noun
master,remained,noun
match,remained,noun
material,remained,noun
matter,remained,noun
may,remained,other
maybe,remained,adverb
meal,remained,noun
mean,remained,noun
meanwhile,remained,adverb
measure,remained,noun
meat,remained,noun
mechanism,remained,noun
medical,remained,adjective
medicine,remained,noun
meet,remained,noun
member,remained,noun
membership,remained,noun
memory,remained,noun
mention,remained,noun
mere,remained,adjective
message,remained,noun
metal,remained,noun
middle,remained,noun
might,remained,other
mile,remained,noun
milk,remained,noun
mind,remained,noun
mine,remained,noun
minister,remained,noun
minute,remained,noun
miss,remained,noun
mistake,remained,noun
mix,remained,noun
mixture,remained,noun
model,remained,noun
moderate,remained,noun
modern,remained,adjective
moment,remained,noun
money,remained,noun
month,remained,noun
moon,remained,noun
moral,remained,adjective
more,remained,adverb
moreover,remained,adverb
morning,remained,noun
most,remained,adjective
mother,remained,noun
motion,remained,noun
motor,remained,noun
mountain,remained,noun
mouse,remained,noun
mouth,remained,noun
move,remained,noun
much,remained,adjective
murder,remained,noun
music,remained,noun
musician,remained,noun
must,remained,other
mystery,remained,noun
name,remained,noun
narrow,remained,noun
nation,remained,noun
native,remained,adjective
nature,remained,noun
near,remained,other
necessary,remained,adjective
neck,remained,noun
need,remained,noun
neglect,remained,noun
neighbor,remained,noun
neighborhood,remained,noun
neither,remained,other
net,remained,noun
network,remained,noun
never,remained,adverb
new,remained,adjective
news,remained,noun
newspaper,remained,noun
next,remained,adjective
nice,remained,adjective
night,remained,noun
no,remained,other
nobody,remained,noun
noise,remained,noun
none,remained,noun
nor,remained,other
north,remained,noun
northern,remained,adjective
nose,remained,noun
not,remained,adverb
note,remained,noun
nothing,remained,noun
notice,remained,noun
noun,remained,noun
now,remained,adverb
nowadays,remained,noun
nowhere,remained,adverb
number,remained,noun
numerous,remained,adjective
nurse,remained,noun
object,remained,noun
observe,remained,noun
occasion,remained,noun
ocean,remained,noun
of,remained,other
off,remained,other
offense,remained,noun
offer,remained,noun
office,remained,noun
officer,remained,noun
official,remained,noun
often,remained,adverb
oil,remained,noun
old,remained,adjective
on,remained,other
once,remained,adverb
one,remained,other
only,remained,adverb
onto,remained,other
open,remained,adjective
operate,remained,noun
operation,remained,noun
operator,remained,noun
opinion,remained,noun
opportunity,remained,noun
oppose,remained,noun
opposite,remained,noun
opposition,remained,noun
or,remained,other
orange,remained,noun
order,remained,noun
ordinary,remained,adjective
organize,remained,verb
origin,remained,noun
other,remained,adjective
otherwise,remained,adverb
ought,remained,other
out,remained,other
outline,remained,noun
outside,remained,other
over,remained,other
overcome,remained,noun
owe,remained,noun
own,remained,adjective
ownership,remained,noun
pack,remained,noun
package,remained,noun
page,remained,noun
pain,remained,noun
paint,remained,noun
pair,remained,noun
pale,remained,noun
paper,remained,noun
parent,remained,noun
park,remained,noun
part,remained,noun
particular,remained,adjective
partner,remained,noun
party,remained,noun
pas,remained,noun
passage,remained,noun
passenger,remained,noun
past,remained,noun
path,remained,noun
patient,remained,noun
pattern,remained,noun
pause,remained,noun
pay,remained,noun
peace,remained,noun
pen,remained,verb
people,remained,noun
per,remained,other
perfect,remained,noun
perform,remained,noun
performance,remained,noun
perhaps,remained,adverb
permanent,remained,noun
permission,remained,noun
permit,remained,noun
person,remained,noun
persuade,remained,noun
photograph,remained,noun
pick,remained,noun
picture,remained,noun
piece,remained,noun
pig,remained,noun
pile,remained,noun
pink,remained,noun
pipe,remained,noun
place,remained,noun
plain,remained,noun
plan,remained,noun
plant,remained,noun
plate,remained,noun
play,remained,noun
pleasant,remained,adjective
please,remained,noun
pleasure,remained,noun
plenty,remained,noun
pocket,remained,noun
poem,remained,noun
poet,remained,noun
point,remained,noun
police,remained,noun
political,remained,adjective
politician,remained,noun
politics,remained,noun
pool,remained,noun
poor,remained,adjective
popular,remained,adjective
population,remained,noun
position,remained,noun
possess,remained,noun
possession,remained,noun
possible,remained,adjective
post,remained,noun
pot,remained,noun
pound,remained,noun
pour,remained,noun
poverty,remained,noun
power,remained,noun
practical,remained,adjective
practice,remained,noun
praise,remained,noun
pray,remained,noun
prefer,remained,noun
preference,remained,noun
prepare,remained,noun
presence,remained,noun
present,remained,noun
preserve,remained,noun
president,remained,noun
press,remained,noun
pressure,remained,noun
pretend,remained,noun
pretty,remained,adverb
prevent,remained,noun
price,remained,noun
pride,remained,noun
print,remained,noun
prison,remained,noun
private,remained,adjective
prize,remained,noun
problem,remained,noun
produce,remained,noun
product,remained,noun
production,remained,noun
profession,remained,noun
profit,remained,noun
program,remained,noun
progress,remained,noun
promise,remained,noun
prompt,remained,noun
proof,remained,noun
proper,remained,adjective
property,remained,noun
proposal,remained,noun
propose,remained,noun
protect,remained,noun
protection,remained,noun
proud,remained,adjective
prove,remained,noun
provide,remained,noun
public,remained,noun
pull,remained,noun
pump,remained,noun
pupil,remained,noun
pure,remained,adjective
purpose,remained,noun
push,remained,noun
put,remained,noun
qualification,remained,noun
qualify,remained,verb
quality,remained,noun
quantity,remained,noun
quarter,remained,noun
question,remained,noun
quick,remained,noun
quiet,remained,adjective
quite,remained,adverb
race,remained,noun
radio,remained,noun
rail,remained,noun
rain,remained,noun
raise,remained,noun
rank,remained,noun
rapid,remained,adjective
rare,remained,adjective
rate,remained,noun
rather,remained,adverb
raw,remained,noun
reach,remained,noun
read,remained,noun
ready,remained,adjective
real,remained,adjective
realize,remained,verb
reason,remained,noun
reasonable,remained,adjective
receive,remained,noun
recent,remained,adjective
recognition,remained,noun
recognize,remained,verb
recommend,remained,noun
record,remained,noun
red,remained,adjective
reduce,remained,verb
reduction,remained,noun
refer,remained,noun
reference,remained,noun
reflect,remained,noun
reflection,remained,noun
refuse,remained,noun
regard,remained,noun
regret,remained,noun
regular,remained,adjective
relate,remained,noun
relation,remained,noun
relative,remained,noun
relief,remained,noun
religion,remained,noun
remain,remained,noun
remark,remained,noun
remember,remained,verb
remind,remained,noun
rent,remained,noun
repair,remained,noun
repeat,remained,noun
replace,remained,verb
reply,remained,noun
report,remained,noun
represent,remained,noun
representative,remained,noun
reputation,remained,noun
request,remained,noun
rescue,remained,noun
reserve,remained,noun
resign,remained,noun
resist,remained,noun
resistance,remained,noun
respect,remained,noun
responsible,remained,adjective
rest,remained,noun
restaurant,remained,noun
result,remained,noun
retire,remained,noun
return,remained,noun
review,remained,noun
reward,remained,noun
rice,remained,noun
rich,remained,adjective
rid,remained,verb
ride,remained,noun
right,remained,noun
ring,remained,noun
rise,remained,noun
risk,remained,noun
rival,remained,noun
river,remained,noun
road,remained,noun
rock,remained,noun
roll,remained,noun
roof,remained,noun
room,remained,noun
root,remained,noun
rough,remained,noun
round,remained,noun
row,remained,noun
royal,remained,noun
ruin,remained,noun
rule,remained,noun
run,remained,verb
rush,remained,noun
sad,remained,adjective
safe,remained,adjective
safety,remained,noun
sail,remained,noun
sake,remained,noun
salary,remained,noun
sale,remained,noun
salt,remained,noun
same,remained,adjective
sample,remained,noun
sand,remained,noun
satisfaction,remained,noun
satisfy,remained,noun
save,remained,verb
say,remained,verb
scale,remained,noun
scene,remained,noun
school,remained,noun
science,remained,noun
scientific,remained,adjective
scientist,remained,noun
screen,remained,noun
sea,remained,noun
search,remained,noun
season,remained,noun
seat,remained,noun
second,remained,adjective
secret,remained,noun
secretary,remained,noun
see,remained,verb
seed,remained,noun
seem,remained,noun
self,remained,noun
sell,remained,noun
send,remained,noun
sense,remained,noun
sensitive,remained,adjective
sentence,remained,noun
separate,remained,adjective
serious,remained,adjective
servant,remained,noun
serve,remained,noun
service,remained,noun
set,remained,noun
settle,remained,verb
several,remained,adjective
severe,remained,adjective
shade,remained,noun
shadow,remained,noun
shake,remained,noun
shall,remained,other
shape,remained,noun
share,remained,noun
sharp,remained,adjective
she,remained,other
sheep,remained,noun
sheet,remained,noun
shelf,remained,noun
shell,remained,noun
shelter,remained,noun
shine,remained,noun
ship,remained,noun
shirt,remained,noun
shock,remained,noun
shoe,remained,noun
shoot,remained,noun
shop,remained,noun
shore,remained,noun
short,remained,adjective
should,remained,other
shoulder,remained,noun
shout,remained,noun
show,remained,noun
shower,remained,noun
shut,remained,noun
sick,remained,noun
side,remained,noun
sight,remained,noun
sign,remained,noun
signal,remained,noun
silence,remained,noun
silent,remained,adjective
silver,remained,noun
simple,remained,noun
since,remained,other
sing,remained,verb
single,remained,adjective
sink,remained,noun
sir,remained,noun
sister,remained,noun
sit,remained,noun
situation,remained,noun
size,remained,noun
skill,remained,noun
skin,remained,noun
skirt,remained,noun
sky,remained,noun
slave,remained,noun
sleep,remained,noun
slide,remained,noun
slight,remained,noun
slip,remained,noun
slope,remained,noun
slow,remained,verb
small,remained,adjective
smell,remained,noun
smile,remained,noun
smoke,remained,noun
smooth,remained,noun
snow,remained,noun
so,remained,adverb
social,remained,adjective
society,remained,noun
soft,remained,adjective
soil,remained,noun
soldier,remained,noun
solid,remained,adjective
solution,remained,noun
solve,remained,noun
some,remained,other
somebody,remained,noun
somehow,remained,adverb
someone,remained,noun
something,remained,noun
sometimes,remained,adverb
somewhere,remained,adverb
son,remained,noun
song,remained,noun
soon,remained,adverb
sorry,remained,adjective
sort,remained,noun
soul,remained,noun
sound,remained,noun
south,remained,noun
space,remained,noun
spare,remained,noun
speak,remained,noun
special,remained,adjective
speech,remained,noun
speed,remained,noun
spell,remained,noun
spend,remained,noun
spin,remained,noun
spirit,remained,noun
split,remained,noun
sport,remained,noun
spot,remained,noun
spread,remained,noun
spring,remained,noun
square,remained,noun
staff,remained,noun
stage,remained,noun
stain,remained,noun
stair,remained,noun
stamp,remained,noun
stand,remained,noun
standard,remained,noun
star,remained,noun
start,remained,noun
state,remained,noun
station,remained,noun
stay,remained,noun
steady,remained,adjective
steel,remained,noun
stem,remained,noun
step,remained,noun
stick,remained,noun
still,remained,adverb
stir,remained,noun
stock,remained,noun
stomach,remained,noun
stone,remained,noun
stop,remained,noun
store,remained,noun
storm,remained,noun
story,remained,noun
straight,remained,noun
strange,remained,adjective
stream,remained,noun
street,remained,noun
strength,remained,noun
strengthen,remained,noun
stretch,remained,noun
strict,remained,adjective
strike,remained,noun
string,remained,noun
strip,remained,noun
stroke,remained,noun
strong,remained,adjective
struggle,remained,noun
student,remained,noun
study,remained,noun
stuff,remained,noun
stupid,remained,adjective
subject,remained,noun
substance,remained,noun
succeed,remained,verb
success,remained,noun
such,remained,adjective
sudden,remained,adjective
suffer,remained,noun
sugar,remained,noun
suggest,remained,noun
suggestion,remained,noun
suit,remained,noun
summer,remained,noun
sun,remained,noun
supply,remained,noun
support,remained,noun
suppose,remained,noun
sure,remained,noun
surface,remained,noun
surprise,remained,noun
surround,remained,noun
suspect,remained,noun
swear,remained,noun
sweep,remained,noun
sweet,remained,noun
swim,remained,noun
swing,remained,verb
system,remained,noun
table,remained,noun
tail,remained,noun
take,remained,verb
talk,remained,noun
tall,remained,noun
tap,remained,noun
taste,remained,noun
tax,remained,noun
taxi,remained,noun
tea,remained,noun
teach,remained,noun
tear,remained,noun
telephone,remained,noun
tell,remained,noun
temperature,remained,noun
tend,remained,noun
tender,remained,noun
tent,remained,noun
term,remained,noun
terrible,remained,adjective
test,remained,noun
than,remained,other
thank,remained,noun
that,remained,other
the,remained,other
theater,remained,noun
then,remained,adverb
there,remained,adverb
therefore,remained,adverb
they,remained,other
thick,remained,noun
thin,remained,noun
thing,remained,noun
think,remained,noun
thirst,remained,noun
this,remained,other
though,remained,other
threat,remained,noun
threaten,remained,noun
throat,remained,noun
through,remained,other
throw,remained,noun
thus,remained,adverb
ticket,remained,noun
tie,remained,noun
tight,remained,noun
till,remained,noun
time,remained,noun
tip,remained,noun
tire,remained,noun
title,remained,noun
to,remained,other
today,remained,noun
together,remained,adverb
tomorrow,remained,noun
tongue,remained,noun
tonight,remained,noun
too,remained,adverb
tool,remained,noun
tooth,remained,noun
top,remained,noun
total,remained,adjective
touch,remained,noun
tough,remained,adjective
tour,remained,noun
toward,remained,other
tower,remained,noun
town,remained,noun
toy,remained,noun
track,remained,noun
trade,remained,noun
train,remained,noun
translate,remained,noun
trap,remained,noun
travel,remained,noun
treat,remained,noun
tree,remained,noun
trial,remained,noun
trick,remained,noun
trip,remained,noun
trouble,remained,noun
true,remained,adjective
trust,remained,noun
truth,remained,noun
try,remained,noun
tube,remained,noun
tune,remained,noun
turn,remained,noun
twist,remained,noun
type,remained,noun
ugly,remained,adjective
uncle,remained,noun
under,remained,other
understand,remained,noun
union,remained,noun
unit,remained,noun
unite,remained,verb
universal,remained,noun
universe,remained,noun
university,remained,noun
unless,remained,other
until,remained,other
up,remained,adverb
upon,remained,other
upper,remained,adjective
upset,remained,noun
urge,remained,noun
use,remained,noun
usual,remained,adjective
valley,remained,noun
valuable,remained,adjective
value,remained,noun
variety,remained,noun
various,remained,adjective
verb,remained,noun
very,remained,adverb
vessel,remained,noun
victory,remained,noun
view,remained,noun
village,remained,noun
violence,remained,noun
violent,remained,adjective
visit,remained,noun
visitor,remained,noun
voice,remained,noun
vote,remained,noun
wage,remained,noun
wait,remained,noun
wake,remained,noun
walk,remained,noun
wall,remained,noun
wander,remained,noun
want,remained,noun
war,remained,noun
warm,remained,noun
warn,remained,noun
wash,remained,noun
waste,remained,noun
watch,remained,noun
water,remained,noun
wave,remained,noun
way,remained,noun
we,remained,other
weak,remained,adjective
wealth,remained,noun
weapon,remained,noun
wear,remained,noun
weather,remained,noun
week,remained,noun
weekend,remained,noun
weigh,remained,noun
weight,remained,noun
welcome,remained,noun
well,remained,adverb
west,remained,noun
western,remained,adjective
wet,remained,noun
what,remained,other
whatever,remained,other
wheel,remained,noun
when,remained,other
whenever,remained,noun
where,remained,other
wherever,remained,adverb
whether,remained,other
which,remained,other
while,remained,other
whisper,remained,noun
white,remained,adjective
who,remained,other
whole,remained,adjective
why,remained,other
wide,remained,adjective
wife,remained,noun
wild,remained,noun
will,remained,other
win,remained,noun
wind,remained,noun
window,remained,noun
wine,remained,noun
wing,remained,verb
winter,remained,noun
wipe,remained,noun
wire,remained,noun
wise,remained,noun
wish,remained,noun
with,remained,other
within,remained,other
without,remained,other
witness,remained,noun
woman,remained,noun
wonder,remained,noun
wood,remained,noun
wooden,remained,adjective
word,remained,noun
work,remained,noun
world,remained,noun
worry,remained,noun
worth,remained,noun
would,remained,other
wrap,remained,noun
write,remained,noun
wrong,remained,adjective
yard,remained,noun
year,remained,noun
yellow,remained,noun
yes,remained,noun
yesterday,remained,noun
yet,remained,adverb
yield,remained,noun
you,remained,other
young,remained,adjective
youth,remained,noun
abandon,added,noun
abortion,added,noun
absolutely,added,adverb
abstract,added,noun
abuse,added,noun
academic,added,adjective
acceptable,added,adjective
access,added,noun
accommodation,added,noun
accompany,added,noun
accomplish,added,noun
accurate,added,adjective
achieve,added,noun
achievement,added,noun
acknowledge,added,noun
acquire,added,verb
acquisition,added,noun
activity,added,noun
actually,added,adverb
ad,added,noun
adapt,added,noun
addition,added,noun
additional,added,adjective
adequate,added,adjective
adjust,added,noun
adjustment,added,noun
administration,added,noun
adult,added,noun
advertisement,added,noun
adviser,added,noun
advocate,added,noun
affect,added,noun
agenda,added,noun
aggressive,added,adjective
agreement,added,noun
agricultural,added,adjective
aid,added,noun
aircraft,added,noun
airline,added,noun
alarm,added,noun
album,added,noun
alcohol,added,noun
allege,added,noun
ally,added,noun
alongside,added,adverb
alright,added,noun
alter,added,noun
alternative,added,noun
amaze,added,noun
amendment,added,noun
analysis,added,noun
analyst,added,noun
analyze,added,noun
announce,added,noun
announcement,added,noun
annual,added,adjective
anticipate,added,noun
anymore,added,adverb
apartment,added,noun
apologize,added,verb
apparent,added,adjective
apparently,added,adverb
appeal,added,noun
appointment,added,noun
appreciate,added,noun
approach,added,noun
appropriate,added,noun
approval,added,noun
approximately,added,adverb
architecture,added,noun
area,added,noun
argument,added,noun
arrangement,added,noun
arrival,added,noun
artist,added,noun
assess,added,noun
assessment,added,noun
asset,added,noun
assign,added,noun
assist,added,noun
assistance,added,noun
assistant,added,noun
associate,added,noun
assume,added,verb
assumption,added,noun
assure,added,noun
athlete,added,noun
atmosphere,added,noun
attach,added,noun
attachment,added,noun
attendance,added,noun
attitude,added,noun
attribute,added,noun
author,added,noun
automatically,added,adverb
available,added,adjective
award,added,noun
aware,added,adjective
awareness,added,noun
awful,added,noun
background,added,noun
badly,added,adverb
ban,added,noun
barely,added,adverb
barrier,added,noun
basically,added,adverb
beach,added,noun
beautiful,added,adjective
beer,added,noun
benefit,added,noun
bet,added,noun
bias,added,noun
bid,added,noun
bike,added,noun
bin,added,noun
biological,added,adjective
blog,added,noun
bloody,added,noun
bomb,added,noun
bond,added,noun
boom,added,noun
boost,added,noun
boot,added,noun
bore,added,noun
boss,added,noun
bother,added,noun
brand,added,noun
breast,added,noun
breed,added,noun
brief,added,noun
briefly,added,adverb
brilliant,added,adjective
budget,added,noun
burden,added,noun
buyer,added,noun
cable,added,noun
campaign,added,noun
cancel,added,noun
cancer,added,noun
candidate,added,noun
capability,added,noun
capable,added,adjective
capacity,added,noun
capture,added,noun
carbon,added,noun
career,added,noun
careful,added,adjective
carefully,added,adverb
carpet,added,noun
cash,added,noun
cast,added,noun
catalog,added,noun
category,added,noun
celebrate,added,noun
celebration,added,noun
cell,added,noun
central,added,adjective
certainly,added,adverb
challenge,added,noun
chamber,added,noun
champion,added,noun
championship,added,noun
channel,added,noun
chapter,added,noun
characteristic,added,adjective
characterize,added,noun
charity,added,noun
chart,added,noun
chase,added,noun
chat,added,noun
cheek,added,noun
chemical,added,noun
chip,added,noun
chocolate,added,noun
cigarette,added,noun
circumstance,added,noun
cite,added,noun
civil,added,adjective
civilian,added,adjective
classic,added,adjective
classical,added,adjective
clause,added,noun
clearly,added,adverb
click,added,noun
climate,added,noun
clinical,added,adjective
closely,added,adverb
cluster,added,noun
coach,added,noun
code,added,noun
collapse,added,noun
colleague,added,noun
column,added,noun
combination,added,noun
comedy,added,noun
comfortable,added,adjective
comment,added,noun
commission,added,noun
commit,added,noun
commitment,added,noun
communicate,added,noun
communication,added,noun
community,added,noun
compensation,added,noun
competitive,added,adjective
completely,added,adverb
complex,added,adjective
complexity,added,noun
component,added,noun
compound,added,noun
comprehensive,added,noun
comprise,added,noun
compromise,added,noun
compute,added,noun
computer,added,noun
concentrate,added,noun
concentration,added,noun
concept,added,noun
concert,added,noun
conclude,added,noun
conclusion,added,noun
concrete,added,noun
conduct,added,noun
conference,added,noun
confirm,added,noun
conflict,added,noun
consequence,added,noun
consequently,added,adverb
conservative,added,adjective
considerable,added,adjective
consideration,added,noun
consist,added,noun
consistent,added,adjective
constant,added,adjective
constantly,added,adverb
constitute,added,noun
constraint,added,noun
construct,added,noun
construction,added,noun
consult,added,noun
consultant,added,noun
consume,added,noun
consumer,added,noun
contact,added,noun
contemporary,added,adjective
contest,added,noun
context,added,noun
continuous,added,adjective
contract,added,noun
contrast,added,noun
contribute,added,noun
contribution,added,noun
controversial,added,adjective
convention,added,noun
conventional,added,adjective
convert,added,noun
convince,added,noun
cooperation,added,noun
cope,added,noun
core,added,noun
corporate,added,adjective
corporation,added,noun
correspond,added,noun
counsel,added,noun
counter,added,noun
county,added,noun
couple,added,noun
coverage,added,noun
craft,added,noun
crazy,added,noun
create,added,noun
creation,added,noun
creative,added,adjective
credit,added,noun
crew,added,noun
crisis,added,noun
criteria,added,noun
critical,added,adjective
criticism,added,noun
criticize,added,verb
crucial,added,adjective
cultural,added,adjective
culture,added,noun
currency,added,noun
currently,added,adverb
cycle,added,noun
dad,added,noun
damn,added,noun
dangerous,added,adjective
darkness,added,noun
data,added,noun
database,added,noun
dealer,added,noun
debate,added,noun
decade,added,noun
decline,added,noun
dedicate,added,noun
deeply,added,adverb
deficit,added,noun
define,added,noun
definitely,added,adverb
definition,added,noun
democracy,added,noun
democratic,added,adjective
demonstrate,added,noun
demonstration,added,noun
density,added,noun
deny,added,noun
deposit,added,noun
depress,added,noun
depression,added,noun
derive,added,noun
design,added,noun
designer,added,noun
despite,added,other
detect,added,noun
determination,added,noun
development,added,noun
device,added,noun
devote,added,noun
dialog,added,noun
diet,added,noun
differ,added,noun
differently,added,adverb
digital,added,adjective
dimension,added,noun
directly,added,adverb
dirty,added,noun
disaster,added,noun
discount,added,noun
disk,added,noun
disorder,added,noun
display,added,noun
dispute,added,noun
distinct,added,adjective
distinction,added,noun
distribute,added,noun
diversity,added,noun
divorce,added,noun
document,added,noun
domestic,added,adjective
dominate,added,noun
draft,added,noun
drama,added,noun
dramatic,added,adjective
dramatically,added,adverb
driver,added,noun
drug,added,noun
easily,added,adverb
economic,added,adjective
economy,added,noun
edit,added,noun
edition,added,noun
editor,added,noun
educational,added,adjective
effectively,added,adverb
elderly,added,adjective
electricity,added,noun
electronic,added,adjective
element,added,noun
eliminate,added,noun
email,added,noun
embarrass,added,noun
embrace,added,noun
emerge,added,noun
emergency,added,noun
emotion,added,noun
emotional,added,adjective
emphasis,added,noun
emphasize,added,verb
employer,added,noun
employment,added,noun
enable,added,verb
encounter,added,noun
energy,added,noun
engage,added,noun
enhance,added,noun
enormous,added,adjective
ensure,added,verb
enterprise,added,noun
entertainment,added,noun
entirely,added,adverb
entitle,added,noun
entry,added,noun
environment,added,noun
environmental,added,adjective
episode,added,noun
equally,added,adverb
equation,added,noun
equipment,added,noun
equivalent,added,noun
era,added,noun
error,added,noun
essay,added,noun
establish,added,verb
establishment,added,noun
estate,added,noun
estimate,added,noun
ethnic,added,adjective
evaluate,added,noun
evaluation,added,noun
eventually,added,adverb
evidence,added,noun
evolution,added,noun
evolve,added,noun
exactly,added,adverb
exam,added,noun
examination,added,noun
exceed,added,noun
excitement,added,noun
exclude,added,noun
executive,added,noun
exhaust,added,noun
exhibit,added,noun
exhibition,added,noun
expand,added,noun
expansion,added,noun
expectation,added,noun
expenditure,added,noun
experimental,added,adjective
expert,added,noun
explanation,added,noun
export,added,noun
expose,added,verb
exposure,added,noun
external,added,adjective
extract,added,noun
extremely,added,adverb
facility,added,noun
factor,added,noun
fairly,added,adverb
faithfully,added,adverb
famous,added,adjective
fantastic,added,adjective
farmer,added,noun
fascinate,added,noun
feature,added,noun
federal,added,adjective
festival,added,noun
fiction,added,noun
file,added,noun
filter,added,noun
final,added,adjective
finally,added,adverb
finance,added,noun
financial,added,adjective
firmly,added,adverb
firstly,added,adverb
flexible,added,adjective
flight,added,noun
focus,added,noun
folk,added,noun
football,added,noun
forecast,added,noun
forever,added,adverb
format,added,noun
formation,added,noun
formula,added,noun
foundation,added,noun
fragment,added,noun
frequently,added,adverb
fuel,added,noun
fulfill,added,noun
fully,added,adverb
function,added,noun
functional,added,adjective
fund,added,noun
fundamental,added,adjective
furthermore,added,adverb
gallery,added,noun
gaze,added,noun
gear,added,noun
gender,added,noun
gene,added,noun
generally,added,adverb
generate,added,noun
generation,added,noun
genetic,added,adjective
gently,added,adverb
genuine,added,adjective
gesture,added,noun
giant,added,noun
glance,added,noun
global,added,adjective
goal,added,noun
golf,added,noun
government,added,noun
grab,added,noun
grade,added,noun
gradually,added,adverb
graduate,added,noun
grandmother,added,noun
grant,added,noun
greatly,added,adverb
grin,added,noun
guarantee,added,noun
guideline,added,noun
guilty,added,adjective
guitar,added,noun
guy,added,noun
happiness,added,noun
healthy,added,adjective
heavily,added,adverb
hell,added,noun
helpful,added,adjective
hence,added,adverb
hero,added,noun
herself,added,noun
hi,added,noun
highlight,added,noun
highly,added,adverb
himself,added,other
hint,added,noun
historian,added,noun
historic,added,adjective
historical,added,adjective
holder,added,noun
hopefully,added,adverb
horrible,added,adjective
household,added,noun
huge,added,adjective
humor,added,noun
hypothesis,added,noun
identify,added,verb
identity,added,noun
ignore,added,noun
illegal,added,adjective
illness,added,noun
illustrate,added,noun
illustration,added,noun
image,added,noun
imagination,added,noun
immediately,added,adverb
immigrant,added,noun
immigration,added,noun
implement,added,noun
implementation,added,noun
implication,added,noun
imply,added,noun
import,added,noun
impose,added,verb
impress,added,noun
impression,added,noun
impressive,added,adjective
improvement,added,noun
incentive,added,noun
incident,added,noun
income,added,noun
incorporate,added,noun
increasingly,added,adverb
independence,added,noun
independent,added,adjective
index,added,noun
indicate,added,noun
indication,added,noun
individual,added,adjective
industrial,added,adjective
infant,added,noun
infection,added,noun
inflation,added,noun
information,added,noun
initial,added,adjective
initially,added,adverb
initiative,added,noun
injure,added,noun
injury,added,noun
inner,added,adjective
innocent,added,noun
innovation,added,noun
input,added,noun
insight,added,noun
insist,added,noun
inspire,added,noun
install,added,noun
instance,added,noun
institution,added,noun
institutional,added,adjective
instruction,added,noun
integrate,added,noun
intellectual,added,adjective
intelligence,added,noun
intense,added,adjective
interaction,added,noun
interior,added,noun
internal,added,adjective
interpret,added,noun
interpretation,added,noun
intervention,added,noun
interview,added,noun
invest,added,noun
investigate,added,noun
investigation,added,noun
investment,added,noun
investor,added,noun
invitation,added,noun
involve,added,noun
involvement,added,noun
isolate,added,noun
issue,added,noun
item,added,noun
itself,added,other
jacket,added,noun
jail,added,noun
job,added,noun
journal,added,noun
journalist,added,noun
judgment,added,noun
jury,added,noun
justify,added,noun
keen,added,noun
kid,added,noun
label,added,noun
labor,added,noun
laboratory,added,noun
landscape,added,noun
largely,added,adverb
launch,added,noun
layer,added,noun
leader,added,noun
league,added,noun
leap,added,noun
lecture,added,noun
legal,added,adjective
legislation,added,noun
liability,added,noun
liberal,added,adjective
license,added,noun
limitation,added,noun
link,added,noun
listener,added,noun
literally,added,adverb
locate,added,noun
location,added,noun
logic,added,noun
lover,added,noun
lucky,added,adjective
luxury,added,noun
magazine,added,noun
magic,added,noun
mainly,added,adverb
maintain,added,noun
maintenance,added,noun
major,added,adjective
majority,added,noun
maker,added,noun
management,added,noun
manager,added,noun
manufacturer,added,noun
margin,added,noun
massive,added,adjective
mate,added,noun
mathematics,added,noun
mature,added,noun
maximum,added,noun
mayor,added,noun
measurement,added,noun
medium,added,noun
mental,added,adjective
menu,added,noun
merely,added,adverb
mess,added,noun
meter,added,noun
method,added,noun
military,added,adjective
minimum,added,noun
minor,added,noun
minority,added,noun
mirror,added,noun
mission,added,noun
mobile,added,noun
mode,added,noun
modify,added,noun
module,added,noun
mom,added,noun
monitor,added,noun
monthly,added,adverb
mood,added,noun
mortgage,added,noun
mostly,added,adverb
motivate,added,noun
motivation,added,noun
mount,added,noun
movement,added,noun
movie,added,noun
multiple,added,noun
muscle,added,noun
museum,added,noun
musical,added,adjective
mutual,added,adjective
myself,added,other
narrative,added,adjective
national,added,adjective
natural,added,adjective
naturally,added,adverb
nearby,added,adverb
nearly,added,adverb
necessarily,added,adverb
negative,added,adjective
negotiate,added,noun
negotiation,added,noun
nerve,added,noun
nervous,added,adjective
nevertheless,added,adverb
newly,added,adverb
normal,added,adjective
normally,added,adverb
notion,added,noun
novel,added,noun
nuclear,added,adjective
objective,added,noun
obligation,added,noun
observation,added,noun
obvious,added,adjective
obviously,added,adverb
occasionally,added,adverb
occupy,added,noun
occur,added,noun
odd,added,adjective
okay,added,noun
online,added,adjective
opera,added,noun
opponent,added,noun
option,added,noun
organic,added,adjective
organization,added,noun
original,added,adjective
originally,added,adverb
ourselves,added,noun
outcome,added,noun
output,added,noun
overall,added,adjective
overseas,added,adverb
owner,added,noun
pace,added,noun
panel,added,noun
panic,added,noun
paragraph,added,noun
parallel,added,noun
participant,added,noun
participate,added,verb
participation,added,noun
particularly,added,adverb
partly,added,adverb
partnership,added,noun
passion,added,noun
payment,added,noun
peak,added,noun
peer,added,noun
penalty,added,noun
pension,added,noun
perceive,added,noun
percent,added,noun
percentage,added,noun
perception,added,noun
perfectly,added,adverb
period,added,noun
personal,added,adjective
personality,added,noun
personally,added,adverb
personnel,added,noun
perspective,added,noun
phase,added,noun
phenomenon,added,noun
philosophy,added,noun
phone,added,noun
photo,added,noun
phrase,added,noun
physical,added,adjective
piano,added,noun
pilot,added,noun
pitch,added,noun
plane,added,noun
planet,added,noun
plastic,added,noun
platform,added,noun
player,added,noun
plot,added,noun
plus,added,other
poetry,added,noun
policy,added,noun
poll,added,noun
pollution,added,noun
pop,added,noun
port,added,noun
portion,added,noun
portrait,added,noun
pose,added,noun
positive,added,adjective
possibility,added,noun
possibly,added,adverb
potato,added,noun
potential,added,adjective
potentially,added,adverb
powerful,added,adjective
precise,added,adjective
precisely,added,adverb
predict,added,noun
pregnancy,added,noun
pregnant,added,adjective
premise,added,noun
preparation,added,noun
presentation,added,noun
presidential,added,adjective
presumably,added,adverb
previous,added,adjective
previously,added,adverb
primarily,added,adverb
primary,added,noun
prime,added,noun
principal,added,noun
principle,added,noun
printer,added,noun
prior,added,adjective
priority,added,noun
prisoner,added,noun
privilege,added,noun
pro,added,noun
probability,added,noun
probably,added,adverb
procedure,added,noun
proceed,added,noun
process,added,noun
producer,added,noun
professional,added,adjective
professor,added,noun
profile,added,noun
project,added,noun
promote,added,noun
promotion,added,noun
properly,added,adverb
proportion,added,noun
prospect,added,noun
protein,added,noun
protest,added,noun
province,added,noun
provision,added,noun
psychological,added,adjective
pub,added,noun
publication,added,noun
publisher,added,noun
purchase,added,noun
pursue,added,noun
quickly,added,adverb
quietly,added,adverb
quote,added,noun
racial,added,adjective
radical,added,adjective
random,added,adjective
range,added,noun
rapidly,added,adverb
rarely,added,adverb
rat,added,noun
ratio,added,noun
react,added,noun
reaction,added,noun
reader,added,noun
reality,added,noun
really,added,adverb
rear,added,noun
reasonably,added,adverb
recall,added,noun
recently,added,adverb
reckon,added,noun
recommendation,added,noun
recover,added,noun
recovery,added,noun
recruit,added,noun
reform,added,noun
refugee,added,noun
regardless,added,adverb
region,added,noun
regional,added,adjective
register,added,noun
registration,added,noun
regularly,added,adverb
regulate,added,noun
regulation,added,noun
reject,added,noun
relationship,added,noun
relatively,added,adverb
relax,added,noun
release,added,noun
relevant,added,adjective
reliable,added,adjective
religious,added,adjective
rely,added,verb
remarkable,added,adjective
remote,added,noun
remove,added,verb
reporter,added,noun
representation,added,noun
require,added,noun
requirement,added,noun
research,added,noun
researcher,added,noun
resident,added,noun
resolution,added,noun
resolve,added,noun
resort,added,noun
resource,added,noun
respectively,added,adverb
respond,added,noun
response,added,noun
responsibility,added,noun
restore,added,noun
restrict,added,noun
restriction,added,noun
retail,added,noun
retain,added,noun
retirement,added,noun
reveal,added,noun
revenue,added,noun
reverse,added,noun
revise,added,noun
revolution,added,noun
role,added,noun
romantic,added,adjective
rose,added,verb
roughly,added,adverb
route,added,noun
routine,added,noun
rural,added,adjective
sanction,added,noun
scan,added,noun
scare,added,noun
schedule,added,noun
scheme,added,noun
scholar,added,noun
scope,added,noun
score,added,noun
scream,added,noun
seal,added,noun
secondary,added,adjective
secondly,added,adverb
section,added,noun
sector,added,noun
secure,added,noun
security,added,noun
seek,added,noun
segment,added,noun
select,added,noun
selection,added,noun
senior,added,adjective
sequence,added,noun
series,added,noun
seriously,added,adverb
server,added,noun
session,added,noun
settlement,added,noun
sex,added,noun
sexual,added,adjective
shareholder,added,noun
shift,added,noun
shot,added,noun
sigh,added,noun
significance,added,noun
significant,added,adjective
significantly,added,adverb
silly,added,adjective
similar,added,adjective
similarly,added,adverb
simply,added,adverb
singer,added,noun
site,added,noun
situate,added,noun
ski,added,noun
slice,added,noun
slightly,added,adverb
slowly,added,adverb
smart,added,noun
snap,added,noun
software,added,noun
solar,added,adjective
somewhat,added,adverb
source,added,noun
southern,added,adjective
speaker,added,noun
specialist,added,noun
specialize,added,verb
specie,added,noun
specific,added,adjective
specifically,added,adverb
specify,added,noun
sponsor,added,noun
stability,added,noun
stable,added,adjective
stake,added,noun
stare,added,noun
statement,added,noun
statistic,added,noun
status,added,noun
steal,added,noun
stimulate,added,noun
storage,added,noun
strain,added,noun
strategy,added,noun
stress,added,noun
strongly,added,adverb
structural,added,adjective
structure,added,noun
studio,added,noun
style,added,noun
submit,added,noun
subsequent,added,adjective
subsequently,added,adverb
substantial,added,adjective
substitute,added,noun
successful,added,adjective
successfully,added,adverb
suddenly,added,adverb
sufficient,added,adjective
suitable,added,adjective
sum,added,noun
summarize,added,verb
summary,added,noun
supplement,added,noun
supplier,added,noun
supporter,added,noun
surely,added,adverb
surgery,added,noun
surprisingly,added,adverb
survey,added,noun
survival,added,noun
survive,added,noun
suspend,added,noun
sustain,added,noun
switch,added,noun
symbol,added,noun
symptom,added,noun
tackle,added,noun
tale,added,noun
talent,added,noun
tank,added,noun
tape,added,noun
target,added,noun
task,added,noun
teacher,added,noun
team,added,noun
technical,added,adjective
technique,added,noun
technology,added,noun
teenager,added,noun
television,added,noun
temporary,added,adjective
tendency,added,noun
tennis,added,noun
tension,added,noun
territory,added,noun
terrorist,added,noun
text,added,noun
theme,added,noun
themselves,added,other
theoretical,added,adjective
theory,added,noun
therapy,added,noun
throughout,added,other
tiny,added,adjective
tissue,added,noun
tone,added,noun
topic,added,noun
totally,added,adverb
tourism,added,noun
tourist,added,noun
tournament,added,noun
trace,added,noun
tradition,added,noun
traditional,added,adjective
traffic,added,noun
trail,added,noun
transfer,added,noun
transform,added,noun
transition,added,noun
transport,added,noun
transportation,added,noun
treatment,added,noun
trend,added,noun
trigger,added,noun
troop,added,noun
truck,added,noun
truly,added,adverb
twice,added,adverb
twin,added,noun
typical,added,adjective
typically,added,adverb
ultimately,added,adverb
unable,added,adjective
uncertainty,added,noun
unclear,added,adjective
undergo,added,noun
underlie,added,noun
undertake,added,noun
unemployment,added,noun
unfortunately,added,adverb
uniform,added,noun
unique,added,adjective
unknown,added,adjective
unlike,added,other
unlikely,added,adjective
unusual,added,adjective
update,added,noun
urban,added,adjective
useful,added,adjective
user,added,noun
usually,added,adverb
van,added,noun
variable,added,adjective
variation,added,noun
vary,added,noun
vast,added,adjective
vegetable,added,noun
vehicle,added,noun
venture,added,noun
version,added,noun
versus,added,noun
veteran,added,noun
via,added,other
vice,added,noun
victim,added,noun
video,added,noun
virtually,added,adverb
virus,added,noun
visible,added,adjective
vision,added,noun
visual,added,adjective
vital,added,adjective
volume,added,noun
voluntary,added,adjective
volunteer,added,noun
voter,added,noun
weakness,added,noun
wealthy,added,adjective
web,added,noun
website,added,noun
wed,added,noun
weekly,added,adjective
weird,added,noun
welfare,added,noun
whereas,added,noun
whilst,added,noun
widely,added,adverb
winner,added,noun
withdraw,added,noun
wonderful,added,adjective
worker,added,noun
writer,added,noun
yeah,added,adverb
yourself,added,other
zone,added,noun
absent,removed,noun
accustom,removed,noun
ache,removed,noun
actress,removed,noun
admission,removed,noun
adoption,removed,noun
agriculture,removed,noun
airplane,removed,noun
alike,removed,adverb
allowance,removed,noun
aloud,removed,adverb
ambition,removed,noun
ambitious,removed,adjective
amongst,removed,noun
amuse,removed,noun
annoy,removed,noun
annoyance,removed,noun
anyhow,removed,adverb
apology,removed,noun
applaud,removed,noun
applause,removed,noun
apple,removed,noun
arch,removed,noun
arrow,removed,noun
artificial,removed,adjective
ash,removed,noun
asleep,removed,noun
astonish,removed,verb
attentive,removed,adjective
avenue,removed,noun
avoidance,removed,noun
awake,removed,noun
awkward,removed,adjective
axe,removed,noun
backward,removed,noun
baggage,removed,noun
bake,removed,noun
barber,removed,noun
bare,removed,noun
bargain,removed,noun
barrel,removed,noun
basin,removed,noun
basket,removed,noun
bathe,removed,noun
bay,removed,noun
beak,removed,noun
beam,removed,noun
bean,removed,noun
beard,removed,noun
beast,removed,noun
beg,removed,noun
berry,removed,noun
best,removed,adjective
bicycle,removed,noun
bitter,removed,noun
blade,removed,noun
bleed,removed,noun
boast,removed,noun
boil,removed,noun
bold,removed,noun
bow,removed,noun
brass,removed,noun
brave,removed,noun
bravery,removed,noun
breadth,removed,noun
bribe,removed,noun
bribery,removed,noun
brick,removed,noun
brighten,removed,noun
bucket,removed,noun
bundle,removed,noun
bush,removed,noun
businesslike,removed,adjective
businessman,removed,noun
butter,removed,noun
cage,removed,noun
calculation,removed,noun
calculator,removed,noun
canal,removed,noun
cape,removed,noun
captain,removed,noun
carriage,removed,noun
cart,removed,noun
cattle,removed,noun
caution,removed,noun
cautious,removed,adjective
cave,removed,noun
certainty,removed,noun
chalk,removed,noun
cheat,removed,noun
cheer,removed,noun
chimney,removed,noun
christmas,removed,noun
circular,removed,noun
civilize,removed,noun
classification,removed,noun
classify,removed,noun
clay,removed,noun
clerk,removed,noun
clever,removed,adjective
cliff,removed,noun
cloth,removed,noun
coarse,removed,adjective
collar,removed,noun
collector,removed,noun
colony,removed,noun
comb,removed,noun
commerce,removed,noun
companion,removed,noun
companionship,removed,noun
completion,removed,noun
complication,removed,noun
confess,removed,noun
confession,removed,noun
confidential,removed,adjective
congratulate,removed,noun
congratulation,removed,noun
conquer,removed,noun
conqueror,removed,noun
conquest,removed,noun
conscience,removed,noun
conscious,removed,adjective
convenience,removed,noun
convenient,removed,adjective
copper,removed,noun
cork,removed,noun
corn,removed,noun
correction,removed,noun
cottage,removed,noun
cotton,removed,noun
courage,removed,noun
coward,removed,noun
cowardice,removed,noun
creep,removed,noun
crown,removed,noun
cruel,removed,adjective
crush,removed,noun
cultivate,removed,noun
cultivation,removed,noun
cultivator,removed,noun
cupboard,removed,noun
cure,removed,noun
curl,removed,noun
curse,removed,noun
cushion,removed,noun
customary,removed,adjective
damp,removed,noun
darken,removed,noun
daylight,removed,noun
deaf,removed,noun
deafen,removed,noun
decay,removed,noun
deceit,removed,noun
deceive,removed,noun
decisive,removed,adjective
deed,removed,noun
deepen,removed,verb
deer,removed,noun
defendant,removed,noun
delicate,removed,adjective
dependence,removed,noun
descend,removed,noun
descendant,removed,noun
descent,removed,noun
despair,removed,noun
destructive,removed,adjective
devil,removed,noun
diamond,removed,noun
dictionary,removed,noun
dine,removed,noun
dip,removed,noun
dirt,removed,noun
disappearance,removed,noun
disapprove,removed,noun
discomfort,removed,noun
discontent,removed,noun
disgust,removed,noun
disregard,removed,noun
disrespect,removed,noun
dissatisfaction,removed,noun
dissatisfy,removed,noun
ditch,removed,noun
dive,removed,noun
donkey,removed,noun
dot,removed,noun
drawer,removed,noun
drown,removed,noun
drum,removed,noun
duck,removed,noun
dull,removed,noun
eager,removed,noun
earnest,removed,noun
educator,removed,noun
elastic,removed,adjective
elder,removed,noun
electrician,removed,noun
elephant,removed,noun
enclose,removed,verb
enclosure,removed,noun
english,removed,adjective
envy,removed,noun
essence,removed,noun
everlasting,removed,verb
excellence,removed,noun
excessive,removed,adjective
explode,removed,noun
explosion,removed,noun
explosive,removed,adjective
faint,removed,noun
fame,removed,noun
fasten,removed,noun
fate,removed,noun
fatten,removed,noun
feast,removed,noun
feather,removed,noun
fellowship,removed,noun
fever,removed,noun
fierce,removed,adjective
flame,removed,noun
flatten,removed,noun
flavor,removed,noun
flesh,removed,noun
flour,removed,noun
fond,removed,adjective
forbid,removed,noun
forgive,removed,verb
fork,removed,noun
fright,removed,noun
fry,removed,noun
funeral,removed,noun
fur,removed,noun
furnish,removed,verb
gaiety,removed,noun
gallon,removed,noun
garage,removed,noun
generous,removed,adjective
glory,removed,noun
goat,removed,noun
grace,removed,noun
gradual,removed,adjective
grammatical,removed,adjective
grave,removed,noun
grease,removed,noun
greed,removed,noun
guilt,removed,noun
hammer,removed,noun
handkerchief,removed,noun
handshake,removed,noun
handwrite,removed,noun
harden,removed,noun
harvest,removed,noun
haste,removed,noun
hasten,removed,noun
hatred,removed,verb
hay,removed,noun
headache,removed,noun
headdress,removed,noun
heal,removed,noun
heap,removed,noun
heaven,removed,noun
heavenly,removed,adjective
heighten,removed,noun
hesitation,removed,noun
highway,removed,noun
hind,removed,noun
hindrance,removed,noun
hollow,removed,noun
holy,removed,noun
homecoming,removed,verb
homemade,removed,adjective
homework,removed,noun
honesty,removed,noun
horizon,removed,noun
horizontal,removed,noun
humble,removed,adjective
hurrah,removed,noun
hut,removed,noun
idle,removed,adjective
imaginary,removed,adjective
imaginative,removed,adjective
imitate,removed,noun
imitation,removed,noun
immense,removed,adjective
inclusive,removed,adjective
indoor,removed,adjective
influential,removed,adjective
ink,removed,noun
inn,removed,noun
inquire,removed,noun
insect,removed,noun
instant,removed,noun
insult,removed,noun
interfere,removed,verb
interference,removed,noun
interrupt,removed,noun
interruption,removed,noun
invention,removed,noun
inventor,removed,noun
inward,removed,noun
jaw,removed,noun
jealous,removed,adjective
jealousy,removed,noun
jewel,removed,noun
juice,removed,noun
kingdom,removed,noun
kneel,removed,noun
knot,removed,noun
ladder,removed,noun
lamp,removed,noun
landlord,removed,noun
lately,removed,adverb
leaf,removed,noun
lengthen,removed,noun
lessen,removed,noun
liar,removed,noun
liberty,removed,noun
librarian,removed,noun
lid,removed,noun
lighten,removed,noun
limb,removed,noun
lipstick,removed,noun
loaf,removed,noun
lodge,removed,noun
lonely,removed,adjective
loosen,removed,noun
lord,removed,noun
loyal,removed,adjective
loyalty,removed,noun
lump,removed,noun
lung,removed,noun
machinery,removed,noun
madden,removed,noun
mankind,removed,noun
mat,removed,noun
meantime,removed,noun
mechanic,removed,noun
melt,removed,noun
mend,removed,noun
merchant,removed,noun
mercy,removed,noun
merry,removed,adjective
messenger,removed,noun
mild,removed,adjective
mill,removed,noun
mineral,removed,noun
miserable,removed,adjective
misery,removed,noun
moderation,removed,noun
modest,removed,adjective
modesty,removed,noun
momentary,removed,adjective
monkey,removed,noun
moonlight,removed,noun
motherhood,removed,noun
motherly,removed,adverb
mud,removed,noun
multiplication,removed,noun
multiply,removed,noun
nail,removed,noun
neat,removed,adjective
necessity,removed,noun
needle,removed,noun
nephew,removed,noun
nest,removed,noun
niece,removed,noun
noble,removed,adjective
noon,removed,noun
notebook,removed,noun
nuisance,removed,noun
nursery,removed,noun
nut,removed,noun
oar,removed,noun
obedience,removed,noun
obedient,removed,adjective
obey,removed,noun
objection,removed,noun
offend,removed,noun
old-fashioned,removed,verb
omission,removed,noun
omit,removed,noun
organ,removed,noun
ornament,removed,noun
ounce,removed,noun
outward,removed,noun
overflow,removed,noun
pad,removed,noun
pan,removed,noun
parcel,removed,noun
pardon,removed,noun
particle,removed,noun
paste,removed,noun
pastry,removed,noun
patience,removed,noun
patriotic,removed,adjective
paw,removed,noun
pearl,removed,noun
peculiar,removed,adjective
pencil,removed,noun
penny,removed,noun
perfection,removed,noun
persuasion,removed,noun
pet,removed,noun
photography,removed,noun
pigeon,removed,noun
pin,removed,noun
pinch,removed,noun
pint,removed,noun
pity,removed,noun
plaster,removed,noun
plow,removed,noun
plural,removed,adjective
poison,removed,noun
polish,removed,verb
polite,removed,adjective
possessor,removed,noun
postpone,removed,noun
powder,removed,noun
preach,removed,noun
precious,removed,adjective
prejudice,removed,noun
pretense,removed,noun
prevention,removed,noun
priest,removed,noun
probable,removed,adjective
procession,removed,noun
pronounce,removed,noun
pronunciation,removed,noun
punctual,removed,adjective
punish,removed,noun
purple,removed,noun
puzzle,removed,noun
quarrel,removed,noun
quart,removed,noun
queen,removed,noun
rabbit,removed,noun
railroad,removed,noun
rake,removed,noun
ray,removed,noun
razor,removed,noun
receipt,removed,noun
redden,removed,noun
refresh,removed,noun
rejoice,removed,noun
relieve,removed,noun
remedy,removed,noun
repetition,removed,noun
reproduce,removed,noun
reproduction,removed,noun
republic,removed,noun
revenge,removed,noun
ribbon,removed,noun
ripe,removed,adjective
ripen,removed,verb
rivalry,removed,noun
roar,removed,noun
roast,removed,noun
rob,removed,noun
robbery,removed,noun
rod,removed,noun
rope,removed,noun
rot,removed,noun
rotten,removed,verb
royalty,removed,noun
rub,removed,noun
rubber,removed,noun
rubbish,removed,noun
rude,removed,adjective
rug,removed,noun
rust,removed,noun
sacred,removed,verb
sacrifice,removed,noun
sadden,removed,noun
saddle,removed,noun
sailor,removed,noun
salesman,removed,noun
satisfactory,removed,adjective
sauce,removed,noun
saucer,removed,noun
saw,removed,noun
scarce,removed,noun
scatter,removed,noun
scenery,removed,noun
scent,removed,noun
scissor,removed,noun
scold,removed,noun
scorn,removed,noun
scrape,removed,noun
scratch,removed,noun
screw,removed,noun
secrecy,removed,noun
seize,removed,noun
seldom,removed,adverb
selfish,removed,adjective
separation,removed,noun
sew,removed,noun
shallow,removed,noun
shame,removed,noun
sharpen,removed,verb
shave,removed,noun
shield,removed,noun
shill,removed,noun
shorten,removed,noun
signature,removed,noun
silk,removed,noun
simplicity,removed,noun
sincere,removed,adjective
slavery,removed,noun
slippery,removed,adjective
snake,removed,noun
soap,removed,noun
sock,removed,noun
soften,removed,noun
solemn,removed,adjective
sometime,removed,adverb
sore,removed,noun
sorrow,removed,noun
soup,removed,noun
sour,removed,noun
sow,removed,noun
spade,removed,noun
spill,removed,noun
spit,removed,noun
spite,removed,noun
splendid,removed,adjective
spoil,removed,noun
spoon,removed,noun
steam,removed,noun
steep,removed,noun
steer,removed,noun
stiff,removed,noun
stiffen,removed,noun
sting,removed,verb
stove,removed,noun
straighten,removed,noun
strap,removed,noun
straw,removed,noun
stripe,removed,noun
suck,removed,noun
supper,removed,noun
suspicion,removed,noun
suspicious,removed,adjective
swallow,removed,noun
sweat,removed,noun
sweeten,removed,noun
swell,removed,noun
sword,removed,noun
sympathetic,removed,adjective
sympathy,removed,noun
tailor,removed,noun
tame,removed,noun
telegraph,removed,noun
temper,removed,noun
temple,removed,noun
tempt,removed,noun
theatrical,removed,adjective
these,removed,other
thicken,removed,noun
thief,removed,noun
thorn,removed,noun
thorough,removed,adjective
those,removed,other
thread,removed,noun
thumb,removed,noun
thunder,removed,noun
tide,removed,noun
tidy,removed,noun
tighten,removed,noun
tin,removed,noun
tobacco,removed,noun
toe,removed,noun
ton,removed,noun
towel,removed,noun
translation,removed,noun
translator,removed,noun
tray,removed,noun
treasure,removed,noun
treasury,removed,noun
tremble,removed,noun
tribe,removed,noun
trunk,removed,noun
umbrella,removed,noun
underneath,removed,adverb
unity,removed,noun
uppermost,removed,noun
upright,removed,adjective
urgent,removed,adjective
vain,removed,adjective
veil,removed,noun
verse,removed,noun
virtue,removed,noun
vowel,removed,noun
voyage,removed,noun
waist,removed,noun
waiter,removed,noun
warmth,removed,noun
wax,removed,noun
weaken,removed,noun
weave,removed,noun
weed,removed,noun
weekday,removed,noun
wheat,removed,noun
whichever,removed,noun
whip,removed,noun
whistle,removed,noun
whiten,removed,noun
whoever,removed,noun
whom,removed,other
whose,removed,other
wicked,removed,verb
widen,removed,noun
widow,removed,noun
widower,removed,noun
width,removed,noun
wisdom,removed,noun
wool,removed,noun
woolen,removed,noun
worm,removed,noun
worship,removed,noun
wreck,removed,noun
wrist,removed,noun
zero,removed,noun